{
    "loss": 0.567883312702179,
    "accuracy": 0.9482758641242981
}