{
    "loss": 1.060500144958496,
    "accuracy": 0.8706896305084229
}