{
    "loss": 0.5120057463645935,
    "accuracy": 0.9482758641242981
}